{
    "Basic": [
        [
            160.5,
            584.98681640625
        ],
        [
            1116.5,
            585.0950317382812
        ],
        [
            1116.5,
            2647.998779296875
        ],
        [
            160.5,
            2647.281494140625
        ]
    ],
    "Rotated-left-facing": [
        [
            385.3551025390625,
            805.095458984375
        ],
        [
            1073.75244140625,
            674.7999877929688
        ],
        [
            839.3391723632812,
            2434.847412109375
        ],
        [
            125.09297943115234,
            2501.469970703125
        ]
    ],
    "Rotated": [
        [
            221.02796936035156,
            725.8388061523438
        ],
        [
            906.25341796875,
            839.8055419921875
        ],
        [
            1158.424072265625,
            2538.73193359375
        ],
        [
            451.4971008300781,
            2473.543212890625
        ]
    ]
}